area_code, sla_code, population
105051100,105051100,35993
105108500,105108500,50162
125051736,125051736,19424
435155540,435155540,1905
435156451,435156451,13613
435156454,435156454,3529
435159459,435159459,257
435201830,435201830,1728
435204830,435204830,2842
435206090,435206090,13876
435209529,435209529,1097
435250250,435250250,2236
435251330,435251330,1910
125051737,125051737,22812
435254000,435254000,106
435256970,435256970,4055
435259589,435259589,1569
505051310,505051310,23755
505051750,505051750,8941
505052170,505052170,7257
505055740,505055740,8249
505056580,505056580,20336
505056930,505056930,1580
505057081,505057081,1081
125051738,125051738,5908
505057082,505057082,10496
505057980,505057980,16381
505058570,505058570,26875
505100350,505100350,13464
505100420,505100420,55802
505104200,505104200,49534
505106090,505106090,35092
505108050,505108050,93276
505154171,505154171,49673
505154174,505154174,100000
125051804,125051804,17198
505157914,505157914,98737
505157915,505157915,62434
505157916,505157916,15698
505158761,505158761,31805
505158764,505158764,37655
505158767,505158767,41483
505201820,505201820,74471
505203150,505203150,6699
505203431,505203431,824
505203432,505203432,24008
125055700,125055700,17895
505204830,505204830,23199
505205320,505205320,93000
505207490,505207490,84305
505250210,505250210,50537
505250490,505250490,30335
505251330,505251330,77303
505253780,505253780,91582
505257700,505257700,12894
505257840,505257840,38361
505258510,505258510,27960
125103350,125103350,45144
510015110,510015110,55817
510016230,510016230,11972
510031190,510031190,29700
510031401,510031401,6014
510032661,510032661,7721
510033991,510033991,11533
510100630,510100630,1380
510101404,510101404,4193
510101890,510101890,8612
510102664,510102664,2614
125103754,125103754,28922
510102870,510102870,4737
510103994,510103994,8018
510108820,510108820,3449
510150280,510150280,10349
510151260,510151260,25357
510200770,510200770,1482
510200840,510200840,3954
510205180,510205180,9256
510206300,510206300,1189
515051050,515051050,479
125104350,125104350,27386
515053640,515053640,1366
515054130,515054130,1127
515054340,515054340,4209
515054480,515054480,578
515054550,515054550,2153
515058120,515058120,659
515059380,515059380,403
515100081,515100081,15975
515100084,515100084,15596
515102240,515102240,1062
130057311,130057311,42496
515102730,515102730,4510
515107210,515107210,4483
520050910,520050910,984
520052310,520052310,784
520053010,520053010,630
520056440,520056440,4239
520056510,520056510,832
520057140,520057140,1170
520058610,520058610,1841
520058680,520058680,355
130103550,130103550,11523
520058890,520058890,856
520059100,520059100,716
520059170,520059170,864
520102100,520102100,1141
520104620,520104620,968
520104760,520104760,881
520104900,520104900,1457
525051680,525051680,3518
525052590,525052590,2884
525053570,525053570,4317
105154150,105154150,73727
130103660,130103660,5311
525055600,525055600,2413
525058540,525058540,906
525100560,525100560,1564
525102450,525102450,1247
525102520,525102520,1368
525102940,525102940,704
525103710,525103710,936
525104690,525104690,432
525106650,525106650,6006
525106720,525106720,3792
130104201,130104201,4610
525107350,525107350,1019
525108190,525108190,389
525108330,525108330,4111
525109310,525109310,1386
525109450,525109450,561
525109730,525109730,3118
525151120,525151120,951
525154410,525154410,1183
525155460,525155460,3244
525155880,525155880,614
130104920,130104920,7538
525155950,525155950,580
525156370,525156370,905
525156860,525156860,246
525158400,525158400,392
525159030,525159030,211
525159660,525159660,1412
530014281,530014281,28242
530051960,530051960,3799
530054284,530054284,180
530054970,530054970,725
130107314,130107314,11093
530055040,530055040,1408
530055390,530055390,217
530056620,530056620,1337
530103080,530103080,1068
530103290,530103290,12962
530107420,530107420,1953
535033500,535033500,18914
535033851,535033851,12639
535051540,535051540,5684
535053360,535053360,2061
130150111,130150111,19484
535057770,535057770,856
535058470,535058470,287
535102380,535102380,321
535105250,535105250,1133
535105810,535105810,459
535106160,535106160,111
535107630,535107630,117
535109250,535109250,679
535109590,535109590,243
535151470,535151470,748
130150112,130150112,3882
535151610,535151610,915
535152030,535152030,1200
535153854,535153854,1403
535154060,535154060,3053
535155530,535155530,471
535155670,535155670,823
535156020,535156020,909
535156790,535156790,3206
535157000,535157000,532
535158260,535158260,666
130153010,130153010,8783
540053220,540053220,6545
540057280,540057280,11959
540100250,540100250,6081
540107560,540107560,16420
545053920,545053920,3136
545059520,545059520,6595
545100980,545100980,13062
545102800,545102800,6505
605050410,605050410,14121
605051410,605051410,49637
130153650,130153650,4231
605051511,605051511,6539
605052610,605052610,43413
605052811,605052811,453
605052812,605052812,47242
605053611,605053611,28216
605054811,605054811,10891
610051010,610051010,2244
610051512,610051512,2935
610052410,610052410,4187
610053010,610053010,14000
130154202,130154202,10894
610053612,610053612,2617
610054812,610054812,1031
610055010,610055010,5673
610055210,610055210,2240
615052211,615052211,5503
615054011,615054011,255
615054012,615054012,59192
615054211,615054211,8232
615054611,615054611,7581
615055811,615055811,18914
130157400,130157400,6535
615102212,615102212,1028
615104013,615104013,2775
615104212,615104212,10119
615104612,615104612,4515
615105812,615105812,1901
615150210,615150210,6068
615151810,615151810,6997
615152010,615152010,860
620050611,620050611,16997
620050811,620050811,17594
105154450,105154450,52535
130157650,130157650,5737
620051610,620051610,24016
620053811,620053811,7903
620055411,620055411,10900
620100612,620100612,2058
620100812,620100812,3069
620101210,620101210,7957
620103210,620103210,5758
620103410,620103410,1640
620103812,620103812,731
620105412,620105412,2511
130157850,130157850,3188
620155610,620155610,5003
705051004,705051004,2123
705051008,705051008,2394
705051011,705051011,1758
705051014,705051014,1042
705051018,705051018,2481
705051024,705051024,2591
705051028,705051028,2431
705051034,705051034,1822
705051038,705051038,4778
130205300,130205300,13972
705051044,705051044,3038
705051048,705051048,4591
705051052,705051052,129
705051054,705051054,1703
705051058,705051058,3259
705051064,705051064,1401
705051068,705051068,2370
705051074,705051074,2093
705051078,705051078,1913
705051084,705051084,656
130205750,130205750,13112
705051088,705051088,3356
705051094,705051094,1805
705051098,705051098,2936
705051104,705051104,3495
705051108,705051108,567
705051114,705051114,2515
705051118,705051118,2038
705051124,705051124,1858
705051128,705051128,307
705051134,705051134,2553
135012601,135012601,34315
705051138,705051138,2300
705101169,705101169,429
705102802,705102802,2989
705102804,705102804,2716
705102806,705102806,2688
705102808,705102808,3290
705102811,705102811,2378
705102814,705102814,3362
705102818,705102818,3456
705102824,705102824,2831
135052604,135052604,3526
705202304,705202304,1233
705202308,705202308,14321
710050540,710050540,177
710050700,710050700,1105
710050759,710050759,385
710050770,710050770,295
710104050,710104050,2130
710152000,710152000,1140
710152240,710152240,883
710153309,710153309,646
135052950,135052950,4520
710154809,710154809,3338
710200809,710200809,1047
710202380,710202380,394
710203030,710203030,344
710204020,710204020,1931
710250330,710250330,816
710251209,710251209,6522
710251609,710251609,1544
710252340,710252340,275
710252409,710252409,4110
135055271,135055271,17677
710252500,710252500,685
710300570,710300570,191
710300600,710300600,775
710300790,710300790,542
710301409,710301409,777
710301809,710301809,635
710302100,710302100,274
710302200,710302200,8190
710302270,710302270,673
710302360,710302360,251
135055850,135055850,6510
710302530,710302530,939
710304030,710304030,227
710304409,710304409,886
710304600,710304600,466
710305050,710305050,1642
710350300,710350300,344
710351350,710351350,423
710353409,710353409,492
710353800,710353800,2925
710354009,710354009,1209
135058020,135058020,9807
710400201,710400201,4545
710400203,710400203,2145
710400205,710400205,8256
710400207,710400207,7030
710400208,710400208,1921
710400360,710400360,967
710400400,710400400,236
710401909,710401909,804
710402320,710402320,543
710403009,710403009,2390
105156650,105156650,92122
135058150,135058150,8123
710403209,710403209,2770
710403609,710403609,2440
710403650,710403650,220
710404650,710404650,86
710404700,710404700,269
710405000,710405000,694
805050089,805050089,1805
805050189,805050189,4815
805050639,805050639,3574
805050909,805050909,3116
135100950,135100950,2880
805051449,805051449,719
805051889,805051889,1948
805051989,805051989,3372
805052169,805052169,1684
805053609,805053609,2884
805055049,805055049,52
805055229,805055229,4321
805055769,805055769,120
805056389,805056389,4909
805057209,805057209,1606
135102150,135102150,4211
805057479,805057479,0
805058289,805058289,3005
805058559,805058559,4189
805100279,805100279,2411
805100459,805100459,3056
805100549,805100549,47
805100729,805100729,3385
805101179,805101179,3018
805101629,805101629,2816
805102139,805102139,5846
135107900,135107900,6942
805102259,805102259,5494
805102619,805102619,5108
805102709,805102709,3547
805102889,805102889,2159
805103249,805103249,3304
805103879,805103879,2827
805103969,805103969,3024
805104149,805104149,4693
805104779,805104779,7588
805105139,805105139,3687
135107950,135107950,2748
805105409,805105409,2601
805105589,805105589,3489
805105679,805105679,2383
805105949,805105949,3265
805106669,805106669,2691
805107569,805107569,2796
805107659,805107659,2594
805108649,805108649,2544
805151269,805151269,2326
805151719,805151719,5134
135151150,135151150,3095
805152439,805152439,3360
805153069,805153069,3174
805154239,805154239,2894
805154419,805154419,2426
805155319,805155319,2445
805155859,805155859,2864
805156489,805156489,685
805156849,805156849,2507
805156939,805156939,1912
805158109,805158109,2263
135151200,135151200,1944
805201089,805201089,2690
805202079,805202079,2940
805202529,805202529,2975
805204059,805204059,2606
805207389,805207389,3073
805207749,805207749,2041
805207839,805207839,64
805208469,805208469,2533
805208739,805208739,3177
805208829,805208829,16
135151750,135151750,4915
805250339,805250339,4904
805250609,805250609,3360
805250819,805250819,5928
805251359,805251359,5379
805251549,805251549,5050
805252349,805252349,3212
805253159,805253159,2904
805253289,805253289,7870
805253339,805253339,3224
805253379,805253379,1130
140030471,140030471,30746
805254509,805254509,4314
805254869,805254869,15581
805255489,805255489,1583
805256129,805256129,5546
805256579,805256579,1791
805257289,805257289,3232
805258019,805258019,4112
805258189,805258189,65
805258379,805258379,7929
805350369,805350369,941
140070473,140070473,5098
805351809,805351809,2605
805352789,805352789,1190
805352979,805352979,57
805353429,805353429,3903
805353789,805353789,99
805354329,805354329,7
805354589,805354589,12
805354959,805354959,2455
805356219,805356219,5528
805356309,805356309,242
105157151,105157151,97426
140070850,140070850,6593
805356759,805356759,6
805357029,805357029,108
805357119,805357119,3143
805357929,805357929,468
805358919,805358919,2906
805400239,805400239,5504
805403519,805403519,3852
805403529,805403529,16
805403689,805403689,338
805403819,805403819,306
140071400,140071400,12396
805406039,805406039,3
805406249,805406249,8940
805406279,805406279,6992
805406719,805406719,5706
810059009,810059009,272
140074870,140074870,19761
140075274,140075274,3406
140076100,140076100,5030
140150800,140150800,6098
140152350,140152350,12478
140152900,140152900,9360
140154600,140154600,6672
140156200,140156200,14284
105157152,105157152,108025
140158100,140158100,3637
140206150,140206150,35337
145056181,145056181,9103
145056470,145056470,35969
145101050,145101050,2291
145103311,145103311,20131
145103314,145103314,5960
145103700,145103700,3586
145106184,145106184,3217
145107640,145107640,7054
105200351,105200351,56399
145108710,145108710,13132
145108750,145108750,11982
145150550,145150550,31061
145152750,145152750,35012
145201000,145201000,2537
145202050,145202050,9727
145207050,145207050,7187
150057751,150057751,52492
150102000,150102000,4031
150102200,150102200,7317
105200353,105200353,62355
150103500,150103500,3698
150104300,150104300,5778
150104950,150104950,3182
150105800,150105800,6011
150107350,150107350,5856
150107500,150107500,10799
150107754,150107754,4524
150151600,150151600,2818
150153450,150153450,23799
150153850,150153850,3380
105200355,105200355,51733
150154750,150154750,11109
150155550,150155550,2504
155050050,155050050,46284
155053371,155053371,3439
155102300,155102300,10979
155103374,155103374,6288
155107450,155107450,3533
155107700,155107700,1259
155150650,155150650,7992
155151860,155151860,1674
105201550,105201550,129962
155152500,155152500,7432
155154250,155154250,1643
155155500,155155500,6413
155157800,155157800,4364
155200300,155200300,2441
155208200,155208200,6779
160101250,160101250,19365
160101700,160101700,1938
160108809,160108809,728
205054601,205054601,11591
105054800,105054800,48776
105252851,105252851,110300
205054605,205054605,13305
205054608,205054608,46481
205055901,205055901,49799
205055902,205055902,35299
205056351,205056351,45158
205057351,205057351,44748
205057352,205057352,24585
205101181,205101181,86993
205101182,205101182,81226
205103111,205103111,52109
105252854,105252854,69590
205103112,205103112,29354
205104330,205104330,63142
205105063,205105063,66875
205105065,205105065,40219
205204651,205204651,39482
205204654,205204654,39430
205207261,205207261,75385
205207264,205207264,16012
205207267,205207267,21296
205255251,205255251,41194
105254901,105254901,96498
205255252,205255252,47860
205255253,205255253,46705
205300661,205300661,61558
205300662,205300662,53313
205301891,205301891,45906
205301892,205301892,82158
205353271,205353271,61692
205353274,205353274,53793
205353275,205353275,32300
205405713,205405713,27370
105254904,105254904,68105
205405715,205405715,23192
205405718,205405718,9227
205407071,205407071,23508
205407075,205407075,42508
205407076,205407076,58631
205451111,205451111,43340
205451112,205451112,48969
205451113,205451113,33492
205451114,205451114,28657
205504211,205504211,15027
105301450,105301450,49644
205504214,205504214,94890
205504971,205504971,43311
205504974,205504974,55714
205504975,205504975,62219
205506981,205506981,51056
205506984,205506984,44069
205506985,205506985,49643
205553672,205553672,61927
205553673,205553673,44745
205553674,205553674,40067
105301501,105301501,74762
205554411,205554411,57713
205554412,205554412,41488
205607451,205607451,14824
205607452,205607452,29400
205607453,205607453,67601
205607454,205607454,12561
205607456,205607456,15247
205650911,205650911,35412
205650912,205650912,52529
205652311,205652311,76270
105301504,105301504,68309
205652314,205652314,47812
205653431,205653431,89421
205653434,205653434,45203
205656352,205656352,44727
205752671,205752671,54847
205752674,205752674,70673
205801452,205801452,24037
205801453,205801453,27786
205801454,205801454,5286
205801612,205801612,87765
105308400,105308400,40343
205801613,205801613,63912
205801616,205801616,49707
205801618,205801618,13567
205852171,205852171,43740
205852174,205852174,74060
205905341,205905341,36699
205905344,205905344,47118
205905345,205905345,52666
210052751,210052751,23248
210052752,210052752,54916
105350150,105350150,39670
210052753,210052753,11367
210052754,210052754,13663
210052755,210052755,9577
210052756,210052756,48218
210102757,210102757,33528
210106080,210106080,3019
210106493,210106493,13197
210106495,210106495,8576
210151751,210151751,10860
210151754,210151754,6063
105351300,105351300,30925
210151755,210151755,3370
210152491,210152491,7444
210152492,210152492,9014
210152758,210152758,2954
215016730,215016730,30393
215051831,215051831,9203
215051832,215051832,7411
215055491,215055491,2401
215055493,215055493,2783
215055496,215055496,10263
105055200,105055200,71817
105351521,105351521,31159
215058469,215058469,0
215102411,215102411,6055
215102412,215102412,3332
215102413,215102413,10370
215106261,215106261,9117
215106264,215106264,2319
215106265,215106265,5205
220050571,220050571,32887
220050572,220050572,28887
220050573,220050573,987
105351524,105351524,34582
220050574,220050574,22436
220102911,220102911,7229
220102912,220102912,6507
220105151,220105151,15972
220105154,220105154,5987
220105155,220105155,3516
220150260,220150260,11255
220155991,220155991,3292
220155994,220155994,3264
225053191,225053191,13480
105357100,105357100,31980
225053194,225053194,5013
225055811,225055811,3414
225055814,225055814,8495
225056890,225056890,4472
225102980,225102980,6041
225107631,225107631,1984
225107632,225107632,5539
230054781,230054781,46036
230101271,230101271,3353
230101272,230101272,3499
105400200,105400200,64960
230104782,230104782,3784
230152250,230152250,11295
230156611,230156611,9684
230156614,230156614,3963
230156616,230156616,6986
235052621,235052621,17782
235052622,235052622,8628
235052623,235052623,23353
235052624,235052624,9687
235052625,235052625,15948
105403950,105403950,89762
235052626,235052626,6541
235101671,235101671,7369
235101674,235101674,4960
235102628,235102628,11314
235103943,235103943,3189
235103945,235103945,4651
235105431,235105431,7147
235105434,235105434,9917
235204131,235204131,8237
235204134,235204134,10863
105406251,105406251,40493
235204135,235204135,19263
240052831,240052831,44597
240101371,240101371,12365
240101374,240101374,12074
240101375,240101375,8081
240101376,240101376,3692
240102834,240102834,3715
240102835,240102835,8771
240104901,240104901,8761
240104904,240104904,18324
105406252,105406252,42381
240151011,240151011,9129
240151014,240151014,4396
240154250,240154250,7191
240156430,240156430,9296
240158249,240158249,249
240158349,240158349,0
240204851,240204851,10616
240204854,240204854,20309
240205621,240205621,6155
240205622,240205622,7515
105406253,105406253,33948
240208149,240208149,0
245053351,245053351,11163
245056671,245056671,2397
245057170,245057170,33005
245103352,245103352,3636
245106701,245106701,16057
245106704,245106704,4658
245106705,245106705,5678
245150111,245150111,7436
245150112,245150112,4567
105406254,105406254,31506
245156672,245156672,3628
245158109,245158109,253
245158309,245158309,116
250052111,250052111,25367
250052113,250052113,8302
250052115,250052115,3803
250052117,250052117,2568
250156811,250156811,5472
250156812,250156812,3890
250156813,250156813,10066
105450900,105450900,74064
250156814,250156814,7306
250156815,250156815,13336
255050831,255050831,4150
255053811,255053811,17980
255053814,255053814,21560
255053815,255053815,27222
255053818,255053818,2565
255100834,255100834,3838
255100835,255100835,29193
255107458,255107458,591
105057201,105057201,21986
105453800,105453800,60558
255108209,255108209,9
255200741,255200741,8135
255200744,255200744,18404
255206171,255206171,12320
255206174,255206174,5637
255206175,255206175,7783
255208529,255208529,92
255208649,255208649,0
305011067,305011067,1584
305011143,305011143,2718
105456351,105456351,93199
305011146,305011146,4477
305011187,305011187,1362
305011227,305011227,5388
305011274,305011274,1797
305011277,305011277,5429
305011304,305011304,6869
305011315,305011315,4383
305011378,305011378,1729
305011421,305011421,10940
305011427,305011427,4820
105456354,105456354,78941
305011454,305011454,7621
305011481,305011481,5271
305011525,305011525,4280
305011528,305011528,5236
305011607,305011607,6210
305011631,305011631,3916
305031004,305031004,2423
305031007,305031007,5073
305031026,305031026,4843
305031031,305031031,11906
105530751,105530751,87425
305031048,305031048,9111
305031132,305031132,2560
305031151,305031151,9533
305031162,305031162,4455
305031206,305031206,6339
305031241,305031241,4095
305031244,305031244,4041
305031255,305031255,4366
305031271,305031271,4112
305031293,305031293,10731
105530752,105530752,90620
305031312,305031312,11725
305031345,305031345,2677
305031424,305031424,4215
305031446,305031446,8286
305031506,305031506,10611
305031522,305031522,4765
305031533,305031533,5514
305031536,305031536,6787
305031558,305031558,7490
305031574,305031574,14959
105530753,105530753,93664
305031618,305031618,3653
305031623,305031623,6163
305031634,305031634,5486
305071018,305071018,1103
305071034,305071034,11840
305071037,305071037,7077
305071045,305071045,4869
305071053,305071053,5210
305071064,305071064,8546
305071072,305071072,14618
105554100,105554100,13241
305071075,305071075,6883
305071078,305071078,8596
305071084,305071084,4467
305071121,305071121,6674
305071127,305071127,9983
305071135,305071135,6349
305071138,305071138,5953
305071167,305071167,4054
305071173,305071173,3105
305071176,305071176,17505
105554700,105554700,30428
305071184,305071184,6118
305071203,305071203,5235
305071211,305071211,7718
305071217,305071217,5489
305071222,305071222,3262
305071236,305071236,4105
305071288,305071288,13168
305071296,305071296,3278
305071301,305071301,4987
305071306,305071306,5711
105555350,105555350,26236
305071318,305071318,8207
305071323,305071323,2518
305071326,305071326,7029
305071353,305071353,6901
305071375,305071375,4051
305071383,305071383,7033
305071386,305071386,2150
305071408,305071408,2202
305071435,305071435,3836
305071442,305071442,2465
105555950,105555950,58259
305071451,305071451,6379
305071465,305071465,413
305071467,305071467,340
305071473,305071473,3151
305071484,305071484,827
305071487,305071487,3955
305071514,305071514,6504
305071517,305071517,8645
305071556,305071556,7651
305071567,305071567,15665
105057204,105057204,46741
105556700,105556700,96950
305071585,305071585,2707
305071593,305071593,1844
305071596,305071596,4452
305071604,305071604,8758
305071612,305071612,4682
305071653,305071653,7464
305091015,305091015,9566
305091042,305091042,3644
305091086,305091086,5105
305091097,305091097,9824
105558250,105558250,63603
305091102,305091102,5355
305091108,305091108,13278
305091113,305091113,9202
305091116,305091116,5764
305091157,305091157,13797
305091195,305091195,5231
305091214,305091214,2583
305091247,305091247,8087
305091258,305091258,4311
305091282,305091282,7488
105600501,105600501,68336
305091285,305091285,5520
305091391,305091391,9193
305091397,305091397,8662
305091432,305091432,6754
305091563,305091563,9438
305091645,305091645,2414
305091648,305091648,5357
305111001,305111001,6862
305111012,305111012,8167
305111023,305111023,581
105600503,105600503,50772
305111057,305111057,4710
305111091,305111091,1153
305111094,305111094,10178
305111123,305111123,1399
305111154,305111154,4089
305111198,305111198,12021
305111251,305111251,1531
305111265,305111265,2695
305111331,305111331,6741
305111337,305111337,2980
105600505,105600505,40280
305111356,305111356,5316
305111364,305111364,3814
305111367,305111367,10015
305111372,305111372,10203
305111394,305111394,249
305111402,305111402,3088
305111405,305111405,10248
305111413,305111413,2221
305111416,305111416,1381
305111456,305111456,1523
105604001,105604001,65380
305111463,305111463,11862
305111492,305111492,4751
305111495,305111495,1171
305111498,305111498,1501
305111503,305111503,12475
305111511,305111511,5525
305111541,305111541,3805
305111547,305111547,7851
305111552,305111552,16111
305111571,305111571,8887
105604004,105604004,85945
305111588,305111588,7910
305111601,305111601,3902
305111615,305111615,231
305111626,305111626,10269
305111637,305111637,11718
305111642,305111642,10754
305150552,305150552,41132
305202002,305202002,15915
305202005,305202005,22607
305202008,305202008,18271
105604500,105604500,101082
305202013,305202013,15536
305202014,305202014,6012
305202015,305202015,13956
305202016,305202016,20363
305202018,305202018,19816
305253962,305253962,69950
305253965,305253965,50387
305253966,305253966,7874
305253974,305253974,4254
305253976,305253976,7717
105655150,105655150,37115
305304601,305304601,28263
305304603,305304603,3580
305304605,305304605,4185
305304608,305304608,8178
305304612,305304612,12832
305304615,305304615,13378
305304618,305304618,8333
305304623,305304623,19303
305304631,305304631,14930
305304634,305304634,11221
105656370,105656370,54157
305304637,305304637,11056
305304642,305304642,6008
305304645,305304645,965
305304651,305304651,4517
305304654,305304654,5490
305304656,305304656,18451
305304663,305304663,2566
305405951,305405951,15941
305405957,305405957,8820
305405958,305405958,17799
105057205,105057205,49457
105658000,105658000,133838
305405961,305405961,24028
305405963,305405963,10256
305405971,305405971,20507
305405973,305405973,5643
305405974,305405974,8567
305405978,305405978,11268
305405988,305405988,18312
305456201,305456201,7725
305456204,305456204,10357
305456206,305456206,18822
105703101,105703101,65338
305456208,305456208,14278
305506251,305506251,16988
305506254,305506254,13994
305506257,305506257,17097
305506262,305506262,13585
305506264,305506264,5386
305506265,305506265,10885
305506267,305506267,4871
305506268,305506268,3464
305506271,305506271,10518
105703104,105703104,92819
305506273,305506273,13754
305506276,305506276,10177
305506283,305506283,6909
307053461,307053461,7814
307053463,307053463,5626
307053466,307053466,8832
307053471,307053471,5733
307053473,307053473,2938
307053476,307053476,5638
307053481,307053481,10736
105708551,105708551,72186
307053493,307053493,4676
307103508,307103508,20777
307103511,307103511,6256
307103514,307103514,9542
307103515,307103515,7379
307103517,307103517,4104
307103521,307103521,7609
307103523,307103523,12725
307103527,307103527,4872
307103533,307103533,2647
105708554,105708554,67614
307103555,307103555,3326
307103562,307103562,15741
307103563,307103563,6171
307103573,307103573,13491
307103576,307103576,16124
307103585,307103585,24097
307103587,307103587,18505
307153502,307153502,18782
307153525,307153525,16380
307153531,307153531,9307
110051720,110051720,46209
307153534,307153534,6387
307153535,307153535,9640
307153537,307153537,11676
307153543,307153543,14772
307153547,307153547,5393
307153551,307153551,14734
307153564,307153564,5606
307153566,307153566,20511
307153567,307153567,23631
307153568,307153568,11481
110054651,110054651,59793
307153572,307153572,11091
307153578,307153578,17782
307153581,307153581,5476
307153582,307153582,19185
307153592,307153592,11798
307153593,307153593,9320
307200553,307200553,10036
307203538,307203538,3968
309052132,309052132,21156
309052133,309052133,20134
110054653,110054653,72249
309052135,309052135,20319
309054902,309054902,39910
309054905,309054905,23087
309054907,309054907,16354
309054911,309054911,10245
309054914,309054914,13275
309054917,309054917,15205
309055752,309055752,9104
309055755,309055755,9234
309055756,309055756,11553
110054655,110054655,51102
309102136,309102136,7657
309102138,309102138,18328
309104918,309104918,24763
309105758,309105758,15934
312053050,312053050,15161
312054250,312054250,3435
312100555,312100555,11269
312100800,312100800,8642
312103250,312103250,15639
312104450,312104450,14481
110055050,110055050,61883
315051810,315051810,45805
315051981,315051981,13966
315073751,315073751,48155
315100700,315100700,1523
315101984,315101984,12330
315102330,315102330,1132
315102532,315102532,19616
315102535,315102535,16449
315102950,315102950,862
315103300,315103300,2787
105057206,105057206,38387
110055903,110055903,48064
315103754,315103754,4066
315104000,315104000,6295
315104300,315104300,3449
315104350,315104350,12219
315104400,315104400,4563
315104950,315104950,25700
315105100,315105100,5129
315105150,315105150,2435
315105450,315105450,2119
315105500,315105500,3459
110055904,110055904,42176
315105650,315105650,9018
315105900,315105900,426
315106850,315106850,5327
315107450,315107450,4401
315107500,315107500,3441
320012151,320012151,3911
320012551,320012551,8716
320014201,320014201,7110
320016451,320016451,4539
320016901,320016901,13548
110055905,110055905,51512
320016903,320016903,10157
320016905,320016905,18375
320016906,320016906,26024
320016908,320016908,22092
320052154,320052154,1907
320052350,320052350,5940
320052400,320052400,2612
320052554,320052554,3924
320052650,320052650,9777
320053600,320053600,4714
110056400,110056400,60484
320053900,320053900,2535
320054204,320054204,6982
320055000,320055000,3100
320055550,320055550,2688
320056050,320056050,4784
320056454,320056454,4493
320056600,320056600,10125
320056700,320056700,3674
320056750,320056750,2385
320057120,320057120,2876
110102700,110102700,8060
320057150,320057150,5226
320057262,320057262,11217
320057263,320057263,4253
320057265,320057265,2478
320057266,320057266,3591
325050300,325050300,4628
325050650,325050650,990
325050850,325050850,1703
325051750,325051750,374
325051850,325051850,2054
110103050,110103050,4801
325055600,325055600,4579
325055800,325055800,1927
325056150,325056150,981
325056400,325056400,6505
325057200,325057200,1036
330053151,330053151,6183
330054551,330054551,3906
330056350,330056350,58749
330102101,330102101,13816
330103350,330103350,29083
110103400,110103400,32761
330150350,330150350,13356
330150500,330150500,2189
330152104,330152104,2726
330152850,330152850,6742
330153000,330153000,14353
330153154,330153154,4388
330154100,330154100,920
330154554,330154554,24964
330155350,330155350,2985
330155850,330155850,3184
110105650,110105650,15236
330157550,330157550,849
335050150,335050150,724
335050400,335050400,1617
335050450,335050450,361
335050750,335050750,1457
335050900,335050900,420
335052750,335052750,284
335053850,335053850,266
335054050,335054050,263
335054700,335054700,3524
110107000,110107000,21936
335056650,335056650,562
335057400,335057400,1383
340054762,340054762,72847
340100600,340100600,10453
340100950,340100950,12380
340101700,340101700,6845
340104765,340104765,12046
340105050,340105050,5406
340105700,340105700,2524
340106550,340106550,10722
110107620,110107620,12973
340107330,340107330,16954
345057001,345057001,4841
345057003,345057003,1983
345057007,345057007,6277
345057012,345057012,2611
345057014,345057014,5992
345057015,345057015,2388
345057018,345057018,2872
345057023,345057023,4262
345057026,345057026,3444
105106550,105106550,119882
115054400,115054400,18982
345057027,345057027,2223
345057031,345057031,2112
345057033,345057033,5533
345057034,345057034,3723
345057038,345057038,10097
345057041,345057041,5586
345057044,345057044,3541
345057047,345057047,1024
345057051,345057051,2283
345057054,345057054,2815
115056900,115056900,60334
345057058,345057058,1448
345057062,345057062,2368
345057065,345057065,1913
345057068,345057068,1236
345057071,345057071,2588
345057074,345057074,3657
345057078,345057078,4916
345106801,345106801,8694
345106804,345106804,23100
345106807,345106807,19782
115058451,115058451,93847
345151900,345151900,17015
345152300,345152300,7978
345152700,345152700,3504
345153800,345153800,11559
345155770,345155770,1980
345156831,345156831,7587
345157084,345157084,3714
350052062,350052062,20047
350052065,350052065,21371
350052066,350052066,8165
115058454,115058454,90361
350052068,350052068,11805
350052072,350052072,15210
350052074,350052074,33847
350052076,350052076,12287
350100200,350100200,10909
350100250,350100250,1046
350100270,350100270,822
350100330,350100330,781
350100770,350100770,282
350102078,350102078,4703
115076951,115076951,30952
350102200,350102200,9526
350102500,350102500,3462
350102600,350102600,256
350102740,350102740,150
350102800,350102800,10190
350102900,350102900,6363
350103030,350103030,318
350103100,350103100,850
350103650,350103650,215
350103700,350103700,5423
115106952,115106952,57450
350103830,350103830,781
350103840,350103840,309
350103930,350103930,416
350104150,350104150,18252
350104420,350104420,1023
350104430,350104430,200
350104570,350104570,551
350104740,350104740,251
350104830,350104830,243
350104850,350104850,18210
115108350,115108350,42271
350104970,350104970,480
350105670,350105670,838
350105730,350105730,346
350106070,350106070,598
350106100,350106100,168
350106470,350106470,338
350106480,350106480,239
350106570,350106570,165
350106950,350106950,3233
350107090,350107090,76
120057554,120057554,50452
350107110,350107110,230
350107170,350107170,246
350107300,350107300,2831
350107570,350107570,325
350107600,350107600,2376
350107650,350107650,301
355051950,355051950,497
355052250,355052250,1938
355052450,355052450,3136
355052770,355052770,1083
120057556,120057556,8900
355053200,355053200,1789
355054800,355054800,894
355055250,355055250,1032
355055300,355055300,19660
355056300,355056300,901
355058809,355058809,6
405052030,405052030,18912
405055681,405055681,20137
405055683,405055683,24498
405055684,405055684,3364
120074851,120074851,30092
405055686,405055686,9017
405055688,405055688,13000
405055891,405055891,31061
405055894,405055894,19318
405057141,405057141,26856
405057143,405057143,24121
405057144,405057144,21964
405057146,405057146,34862
405057148,405057148,10616
405057701,405057701,25187
105108050,105108050,60713
120100250,120100250,38461
405057704,405057704,11826
405057705,405057705,26996
405057708,405057708,31963
405101061,405101061,29959
405101064,405101064,21324
405101065,405101065,23633
405101068,405101068,25623
405105895,405105895,27506
405105896,405105896,14686
405105897,405105897,10356
120101350,120101350,28766
405108411,405108411,23993
405108414,405108414,28169
405108899,405108899,3
405150070,405150070,16659
405150121,405150121,12482
405150124,405150124,10067
405150701,405150701,21070
405150704,405150704,20885
405150911,405150911,26963
405150914,405150914,19201
120104550,120104550,9258
405155291,405155291,15993
405155294,405155294,17738
405156510,405156510,19294
405157981,405157981,19235
405157984,405157984,16764
405158260,405158260,6961
405202601,405202601,19171
405202604,405202604,14128
405204061,405204061,32523
405204064,405204064,24944
120104854,120104854,12119
405204065,405204065,21231
405204341,405204341,24035
405204344,405204344,15383
405204345,405204345,22433
405205341,405205341,13733
405205342,405205342,11298
405205343,405205343,23047
405205344,405205344,17214
405205345,405205345,24944
405205346,405205346,25124
120106611,120106611,10504
405205347,405205347,34378
410050311,410050311,7880
410050314,410050314,7984
410050315,410050315,4685
410053650,410053650,12362
410053920,410053920,7905
410102750,410102750,4257
410150125,410150125,6647
410150128,410150128,8666
410154551,410154551,18158
120106612,120106612,10808
410154554,410154554,8282
410200221,410200221,11508
410200224,410200224,9203
410208050,410208050,12012
410208750,410208750,4150
415050430,415050430,2545
415051560,415051560,11445
415058831,415058831,7333
415058834,415058834,3860
415058969,415058969,0
120107558,120107558,19971
415101140,415101140,8144
415102110,415102110,4180
415108130,415108130,6370
420050521,420050521,4130
420050524,420050524,6804
420053791,420053791,7125
420053794,420053794,4477
420054210,420054210,8038
420056671,420056671,1794
420056674,420056674,7657
125011801,125011801,47709
420059039,420059039,133
420103080,420103080,1164
420105040,420105040,17678
420107290,420107290,2138
420107800,420107800,5667
420109109,420109109,8
425053360,425053360,2326
425055090,425055090,8081
425056860,425056860,1702
425057630,425057630,6864
125033751,125033751,39508
425102250,425102250,7870
425104620,425104620,23492
425108341,425108341,3190
425108344,425108344,8703
430051190,430051190,1899
430051750,430051750,1131
430051960,430051960,1273
430053220,430053220,1114
430053570,430053570,1313
430053710,430053710,4405
125050600,125050600,12416
430056300,430056300,13605
430057910,430057910,2539
430059179,430059179,10
430101010,430101010,3575
430107490,430107490,2020
430109249,430109249,460
435058540,435058540,21417
435059389,435059389,205
435155120,435155120,4650
435155400,435155400,935
